Substrate_conc,Velocity
15,50
1,6.25
3,16.66666667
4,21.05263158
100,86.95652174
6,28.57142857
2,11.76470588
10,40
75,83.33333333
20,57.14285714
8,34.7826087
30,66.66666667
50,76.92307692