mass (ug),A-595
10,0.094425
20,0.121328
30,0.130231
40,0.131134
60,0.15694
80,0.186746
100,0.198552