mass (ug),A-595
10,0.091425
20,0.126328
30,0.133031
40,0.145134
60,0.14514
80,0.198546
100,0.187152